,2010,,,,,,,,,,,,,,,,,,,,,,,,,,,,,,,,,,,,,,,,,,,2015,,,,,,,,,,,,,,,,,,,,,,,,,,,,,,,,,,,,,,,,,,,,,,,,,,,,,
,,,,,,,,,,,,,,,,,,,,,,,,,,,,,,,,,,,,,,,,,,,,,,,,,,,,,,,,,,,,,,,,,,,,,,,,,,,,,,,,,,,,,,,,,,,,,,,,,
Pharmaceutical Company,"Kyorin Pharmaceutical Co., Ltd.",F. Hoffmann-La Roche Ltd,Merck,,,,Bayer Healthcare,,,Sanofi,,,,Daiichi Sankyo,,Bristol-Myers Squibb,,,,Pfizer Inc.,,,,,,Shire Pharmaceuticals,Boehringer Ingelheim,"Gilead Sciences, Inc.",,Eli Lilly and Company,Abbot Laboratories,Novartis,Chongqing Holley Pharmaceutical Co. Ltd and Sigma Tau Industrie Farmaceutiche,GlaxoSmithKline,,,"Guilin Pharmaceutical Co., Ltd",Johnson and Johnson,Burden Unalleviated,,,,,Pharmaceutical Company,"Kyorin Pharmaceutical Co., Ltd.",F. Hoffmann-La Roche Ltd,Merck,,,,Bayer Healthcare,,,,Sanofi,,,,,,Daiichi Sankyo,,Bristol-Myers Squibb,,,Pfizer Inc.,,,,,,Shire Pharmaceuticals,Boehringer Ingelheim,"Gilead Sciences, Inc.",,Eli Lilly and Company,Abbot Laboratories,Novartis,Chongqing Holley Pharmaceutical Co. Ltd and Sigma Tau Industrie Farmaceutiche,"Guilin Pharmaceutical Co., Ltd",,GlaxoSmithKline,,,,Johnson and Johnson,Artepharm,Burden Unalleviated,,,,,,,,,
,,,,,,,,,,,,,,,,,,,,,,,,,,,,,,,,,,,,,,,,,,,,,"Kyorin Pharmaceutical Co., Ltd.",F. Hoffmann-La Roche Ltd,Merck,Merck,Merck,Merck,Bayer Healthcare,Bayer Healthcare,Bayer Healthcare,Bayer Healthcare,Sanofi,Sanofi,Sanofi,Sanofi,Sanofi,Sanofi,Daiichi Sankyo,Daiichi Sankyo,Bristol-Myers Squibb,Bristol-Myers Squibb,Bristol-Myers Squibb,Pfizer Inc.,Pfizer Inc.,Pfizer Inc.,Pfizer Inc.,Pfizer Inc.,Pfizer Inc.,Shire Pharmaceuticals,Boehringer Ingelheim,"Gilead Sciences, Inc.","Gilead Sciences, Inc.",Eli Lilly and Company,Abbot Laboratories,Novartis,Chongqing Holley Pharmaceutical Co. Ltd and Sigma Tau Industrie Farmaceutiche,"Guilin Pharmaceutical Co., Ltd","Guilin Pharmaceutical Co., Ltd",GlaxoSmithKline,GlaxoSmithKline,GlaxoSmithKline,GlaxoSmithKline,Johnson and Johnson,Artepharm,,,,,,,,,,
Company Impact Score,"2,340.40","13,398,454.29","13,990,182.33",,,,"172,281.17",,,"35,621,495.07",,,,"9,624.73",,"528,347.58",,,,"13,424,455.12",,,,,,"1,194,589.55","810,100.27","309,222.85",,"3,218.06","40,612.35","29,628,679.24","14,710.97","693,864.92",,,0,425.16,,,,,,Company Impact Score,"4,621.96","8,690,707.08","9,437,949.35",,,,"119,450.84",,,,"18,866,294.32",,,,,,"75,523.61",,"17,266.13",,,"8,908,806.70",,,,,,"723,859.19","357,235.17","610,898.56",,"6,355.19","83,224.99","12,919,085.65","20,715.41",0,,"866,610.84",,,,"54,833.55",14.39,,,,,,,,,,
,,,,,,,,,,,,,,,,,,,,,,,,,,,,,,,,,,,,,,,,,,,,,,,,,,,,,,,,,,,,,,,,,,,,,,,,,,,,,,,,,,,,,,,,,,,,,,,,,
Patent Date,1999,1952,1948,1996,1988,1954,1997,1941,1996,1967,1988,1988,1981,1983,1996,1973,1987,1996,1995/1993,1976,1959,1956,1948,1949,1996,1991,1996,1998,1996,2007,1996,2009,2010,1975,1996,1999,1986,1972,,,,,,Patent Date,1999,1952,1948,1996,1988,1954,1997,1996,1986,1941,1967,1988,1988,1981,1990,1988,1983,1996,1973,1991,1996,1976,1959,1956,1948,1949,1996,1991,1996,1998,1996,2007,1996,2009,2010,1986,2007,1975,1999,1999,1996,1972,2010,,,,,,,,,,
Drug,Gatifloxacin (Gfx),Isoniazid (H or INH),Streptomycin (S or STR),Efavirenz (EFV),Ivermectin (IVM),Pyrazinamide (Z or PZA),Moxifloxacin (Mfx),Chloroquine (CQ),Praziquantel (PZQ),RIfampicin (R or RMP),Artesunate/Amodiaquine (AS + AQ),Artesunate / Sulfadoxine-pyrimethamine (AS + SP),Chloroquine + Primaquine (CQ+PQ),Ofloxacin (Ofx),Levofloxacin (Lfx),Amikacin (Amk),Didanosine (ddl),Stavudine (d4t),Atazanafir / Ritonavir (ATV/r),Ethambutol (E or EMB),Ethionamide (Eto),Cycloserine (Cs),p-aminosalicylic acid (PAS),Diethylcarbamazine (DEC),Nelfinavir (NFV),Lamivudine (3TC),Nevirapine (NVP),Emtricitabine (FTC),Tenofovir (TDF),Capreomycin (Cm),Lopinavir / Ritonavir (LPV/r),Artemether-Lumefantrine (AL),DHA-Piperaquine (DHA-PPQ),Albendazole (ALB),Abacavir (ABC),Zidovudine (AZT),Artesunate (AS),Mebendazole (MBZ),Impact by Disease Type,,DALYS,Need,,Drug,Gatifloxacin (Gfx),Isoniazid (H or INH),Streptomycin (S or STR),Efavirenz (EFV),Ivermectin (IVM),Pyrazinamide (Z or PZA),Moxifloxacin (Mfx),Praziquantel (PZQ),Suramin (SUR),Chloroquine (CQ),RIfampicin (R or RMP),Artesunate/Amodiaquine (AS + AQ),Artesunate / Sulfadoxine-pyrimethamine (AS + SP),Chloroquine + Primaquine (CQ+PQ),Artesunate + Mefloquine + Primaquine (AS + MQ + PQ),Artesunate + Sulfadoxine + Primaquine (AS+SP+PQ),Ofloxacin (Ofx),Levofloxacin (Lfx),Amikacin (Amk),Didanosine (ddl),Stavudine (d4t),Ethambutol (E or EMB),Ethionamide (Eto),Cycloserine (Cs),p-aminosalicylic acid (PAS),Diethylcarbamazine (DEC),Nelfinavir (NFV),Lamivudine (3TC),Nevirapine (NVP),Emtricitabine (FTC),Tenofovir (TDF),Capreomycin (Cm),Lopinavir / Ritonavir (LPV/r),Artemether-Lumefantrine (AL),DHA-Piperaquine (DHA-PPQ),Artesunate (AS),Artemether (AM),Albendazole (ALB),"Atovaquone + Proguanil
(AT + PG)",Zidovudine (AZT),Abacavir (ABC),Mebendazole (MBZ),Artemisinin + Piperaquine (ART+PPQ),Impact by Disease Type,,DALYs,Need,,,,,,
,,,,,,,,,,,,,,,,,,,,,,,,,,,,,,,,,,,,,,,,,,,,,,,,,,,,,,,,,,,,,,,,,,,,,,,,,,,,,,,,,,,,,,,,,,,,,,,,,
,,,,,,,,,,,,,,,,,,,,,,,,,,,,,,,,,,,,,,,,,,,,,,,,,,,,,,,,,,,,,,,,,,,,,,,,,,,,,,,,,,,,,,,,,,,,,,,,,
Drug Susceptible Tb,,"13,398,454.29",,,,"13,398,454.29",,,,"13,398,454.29",,,,,,,,,,"13,398,454.29",,,,,,,,,,,,,,,,,,,"53,593,817.18",,"41,496,877.56","95,090,694.73",,Drug Susceptible Tb,,"8,690,707.08",,,,"8,690,707.08",,,,,"8,690,707.08",,,,,,,,,,,"8,690,707.08",,,,,,,,,,,,,,,,,,,,,,"34,762,828.32",,"45,407,366.31","80,170,194.63",,,,,,
MDR-TB,,,"1,596.32",,,"1,350.37",,,,,,,,,"4,943.92",,,,,,"4,943.92","4,943.92","4,943.92",,,,,,,,,,,,,,,,"22,722.35",,"7,192,638.16","7,215,360.52",,MDR-TB,,,"24,279.11",,,"20,538.30",,,,,,,,,,,,"66,279.69",,,,,"66,279.69","66,279.69","66,279.69",,,,,,,,,,,,,,,,,,,"309,936.18",,"2,745,351.77","3,055,287.95",,,,,,
XDR-TB,"2,340.40",,,,,,"2,340.40",,,,,,,"2,340.40","2,340.40","3,218.06",,,,,,"9,751.68",,,,,,,,"3,218.06",,,,,,,,,"25,549.41",,"711,359.82","736,909.23",,XDR-TB,"4,621.96",,,,,,"4,621.96",,,,,,,,,,"4,621.96","4,621.96","6,355.19",,,,,"19,065.58",,,,,,,,"6,355.19",,,,,,,,,,,,"50,263.81",,"288,186.10","338,449.90",,,,,,
p falc Malaria,,,,,,,,,,,"20,377,914.04","1,630,125.96",0,,,,,,,,,,,,,,,,,,,"29,575,488.81","14,710.97",,,,,,"51,598,239.78",,"77,294,165.75","128,892,405.53",,p falc Malaria,,,,,,,,,,,,"9,265,499.98","75,168.40",0,173.54,"461,346.94",,,,,,,,,,,,,,,,,,"12,919,085.65","20,715.41",,0,,0,,,,14.39,"22,742,004.31",,"53,300,365.62","76,042,369.93",,,,,,
p. vivax Malaria,,,,,,,,0,,,0,,"215,000.78",,,,,,,,,,,,,,,,,,,"53,190.43",0,,,,0,,"268,191.21",,"4,091,805.22","4,359,996.43",,p. vivax Malaria,,,,,,,,,,"13,059.14",,0,,"373,398.38",,,,,,,,,,,,,,,,,,,,0,0,0,,,,,,,,"386,457.52",,"2,412,524.66","2,798,982.18",,,,,,
HIV,,,,"494,220.13",,,,,,,,,,,,,"9,525.13","512,379.06","3,225.33",,,,,,55.42,"1,194,589.55","810,100.27","72,311.30","236,911.55",,"40,612.35",,,,"17,890.93","512,129.87",,,"3,903,950.89",,"81,989,587.10","85,893,537.99",,HIV,,,,"423,147.44",,,,,,,,,,,,,,,,"1,907.48","9,003.45",,,,,,,"723,859.19","357,235.17","145,653.32","465,245.24",,"83,224.99",,,,,,,"344,272.47","53,923.11",,,"2,607,471.86",,"64,947,015.82","67,554,487.68",,,,,,
Roundworm,,,,,"93,584.06",,,,,,,,,,,,,,,,,,,,,,,,,,,,,"132,138.07",,,,0,"225,722.13",,"830,035.61","1,055,757.74",,Roundworm,,,,,"193,456.54",,,,,,,,,,,,,,,,,,,,,,,,,,,,,,,,,"458,903.93",,,,"54,833.55",,"707,194.02",,"685,784.87","1,392,978.89",,,,,,
Hookworm,,,,,,,,,,,,,,,,,,,,,,,,,,,,,,,,,,"27,757.01",,,,131.45,"27,888.46",,"461,983.03","489,871.49",,Hookworm,,,,,,,,,,,,,,,,,,,,,,,,,,,,,,,,,,,,,,"4,887.28",,,,0,,"4,887.28",,"436,282.02","441,169.30",,,,,,
Whipworm,,,,,0,,,,,,,,,,,,,,,,,,,,,,,,,,,,,"1,609.90",,,,293.71,"1,903.61",,"100,912.80","102,816.41",,Whipworm,,,,,0,,,,,,,,,,,,,,,,,,,,,,,,,,,,,,,,,"1,310.13",,,,0,,"1,310.13",,"95,936.22","97,246.36",,,,,,
Schistosomiasis,,,,,,,,,"169,940.76",,,,,,,,,,,,,,,,,,,,,,,,,,,,,,"169,940.76",,"2,388,539.47","2,558,480.23",,Schistosomiasis,,,,,,,,"101,769.74",,,,,,,,,,,,,,,,,,,,,,,,,,,,,,,,,,,,"101,769.74",,"1,906,408.98","2,008,178.72",,,,,,
Onchocersais,,,,,,,,,,,,,,,,,,,,,,,,,,,,,,,,,,,,,,,0,,0,0,,Onchocersais,,,,,"82,701.92",,,,,,,,,,,,,,,,,,,,,,,,,,,,,,,,,,,,,,,"82,701.92",,"990,179.86","1,072,881.78",,,,,,
LF,,,,,977.17,,,,,,,,,,,,,,,,,,,"1,361.97",,,,,,,,,,"2,339.14",,,,,"4,678.28",,"1,728,561.57","1,733,239.85",,LF,,,,,"3,118.96",,,,,,,,,,,,,,,,,,,,,194.96,,,,,,,,,,,,"3,313.92",,,,,,"6,627.83",,"1,228,774.02","1,235,401.85",,,,,,
Sum,"2,340.40","13,398,454.29","1,596.32","494,220.13","94,561.23","13,399,804.66","2,340.40",0,"169,940.76","13,398,454.29","20,377,914.04","1,630,125.96","215,000.78","2,340.40","7,284.32","3,218.06","9,525.13","512,379.06","3,225.33","13,398,454.29","4,943.92","14,695.59","4,943.92","1,361.97",55.42,"1,194,589.55","810,100.27","72,311.30","236,911.55","3,218.06","40,612.35","29,628,679.24","14,710.97","163,844.11","17,890.93","512,129.87",0,425.16,"109,842,604.05",,"218,286,466.09","328,129,070.14",,Sum,"4,621.96","8,690,707.08","24,279.11","423,147.44","279,277.42","8,711,245.38","4,621.96","101,769.74",0,"13,059.14","8,690,707.08","9,265,499.98","75,168.40","373,398.38",173.54,"461,346.94","4,621.96","70,901.65","6,355.19","1,907.48","9,003.45","8,690,707.08","66,279.69","85,345.28","66,279.69",194.96,0,"723,859.19","357,235.17","145,653.32","465,245.24","6,355.19","83,224.99","12,919,085.65","20,715.41",0,0,"468,415.26",0,"344,272.47","53,923.11","54,833.55",14.39,"61,763,438.52",,"174,444,176.26","236,207,629.18",,,,,,
,,,,,,,,,,,,,,,,,,,,,,,,,,,,,,,,,,,,,,,,,,,,,,,,,,,,,,,,,,,,,,,,,,,,,,,,,,,,,,,,,,,,,,,,,,,,,,,,,
,,,,,,,,,,,,,,,,"PLEASE NOTE, THESE ARE COPIED AND PASTED SO WILL NOT AUTO UPDATE",,,,,,,,,,,,,,,,,,,,,,,,,,,,,,,,,,,,,,,,,,,,,,,,,,,,,,,,,,,,,,,,,,,,,,,,,,,,,,,,,
,,,,,,,,,,,,,,,,Company Ranking 2010,,,(Auto Updating 2010),Company Ranking 2013,,,(Auto Updating 2015),,,,,,,,,,,,,,,,,,,,,,,,,,,,,,,,,,,,,,,,,,,,,,,,,,,,,,,,,,,,,,,,,,,,,,,,,,
,,,,,,,,,,,,,,,,1,Novartis,"29,575,488.42","29,628,679.24",1,Sanofi,"18,866,294.32","18,866,294.32",,,,,,,,,,,,,,,,,,,,,,,,,,,,,,,,,,,,,,,,,,,,,,,,,,,,,,,,,,,,,,,,,,,,,,,,,,
,,Manufacturer,DALYs Alleviated (TB) 2010,DALYs Alleviated (TB) 2015,Manufacturer,DALYs Alleviated (HIV) 2010,DALYs Alleviated (HIV) 2015,Manufacturer,DALYs Alleviated (Malaria) 2010,DALYs Alleviated (Malaria) 2015,,Manufacturer,2010 DALYs Alleviated (total),2015 DALYs Alleviated (total),,2,Sanofi,"20,840,747.06","35,621,495.07",2,Novartis,"12,919,085.65","12,919,085.65",,,,,,,,,,,,,,,,,,,,,,,,,,,,,,,,,,,,,,,,,,,,,,,,,,,,,,,,,,,,,,,,,,,,,,,,,,
,,Akorn Inc.,8.96,,Abbott Laboratories Ltd.,17838.07,"2,920.22",Abacus Pharma (Africa) Ltd.,0,,,Abacus Pharma (Africa) Ltd.,-,-,,3,Merck,"13,990,182.33","13,990,182.33",3,Merck,"9,414,897.76","9,437,949.35",,,,,,,,,,,,,,,,,,,,,,,,,,,,,,,,,,,,,,,,,,,,,,,,,,,,,,,,,,,,,,,,,,,,,,,,,,
,,Bayer Group,-,,AbbVie Inc.,7108.54,"263,548.86",Acino Pharma AG,,0.646722746,,Abbott Laboratories Ltd.,"17,838.07","2,920.22",,4,Pfizer Inc.,"13,434,223.37","13,424,455.12",4,Pfizer Inc.,"8,908,806.70","8,908,806.70",,,,,,,,,,,,,,,,,,,,,,,,,,,,,,,,,,,,,,,,,,,,,,,,,,,,,,,,,,,,,,,,,,,,,,,,,,
,,Cadila Pharmaceuticals Ltd.,"16,303,838.59",,Actavis Pharma Ltd.,2753.67,,Ajanta Pharma Ltd.,2996887.432,4.127462877,,AbbVie Inc.,"7,108.54","263,548.86",,5,F. Hoffmann-La Roche Ltd,"13,398,454.29","13,398,454.29",5,F. Hoffmann-La Roche Ltd,"8,690,707.08","8,690,707.08",,,,,,,,,,,,,,,,,,,,,,,,,,,,,,,,,,,,,,,,,,,,,,,,,,,,,,,,,,,,,,,,,,,,,,,,,,
,,Cipla Ltd.,"4,925.73",,Adcock Ingram Healthcare (Pty) Ltd.,15996.96,,AstraZeneca Inc.,4920.700655,,,Acino Pharma AG,-,0.65,,6,Chongqing Holley Pharmaceutical Co. Ltd and Sigma Tau Industrie Farmaceutiche,"7,129,446.84","14,710.97",6,GlaxoSmithKline,"866,610.84","866,610.84",,,,,,,,,,,,,,,,,,,,,,,,,,,,,,,,,,,,,,,,,,,,,,,,,,,,,,,,,,,,,,,,,,,,,,,,,,
,,"Dong-A Pharmaceutical Co., Ltd.",-,,Aspen Pharmacare Ltd.,59724.64,"458,363.21",Bristol-Myers Squibb,17285.51532,,,Actavis Pharma Ltd.,"2,753.67",-,,7,Shire Pharmaceuticals,"1,194,589.55","1,194,589.55",7,Shire Pharmaceuticals,"723,859.19","723,859.19",,,,,,,,,,,,,,,,,,,,,,,,,,,,,,,,,,,,,,,,,,,,,,,,,,,,,,,,,,,,,,,,,,,,,,,,,,
,,Fatol Arzneimittel GmbH,"30,200.23",,Aurobindo Pharma Ltd.,286901.33,"288,256.87",Cipla Ltd.,23354864.9,388345.6005,,Adcock Ingram Healthcare (Pty) Ltd.,"15,996.96",-,,8,Boehringer Ingelheim,"810,100.27","810,100.27",8,"Gilead Sciences, Inc.","610,898.56","610,898.56",,,,,,,,,,,,,,,,,,,,,,,,,,,,,,,,,,,,,,,,,,,,,,,,,,,,,,,,,,,,,,,,,,,,,,,,,,
,,Fisiopharma S.r.l.,-,,Boehringer Ingelheim,234.65,-,Cipla Quality Chemical Industries Ltd.,,0.73368908,,Ajanta Pharma Ltd.,"2,996,887.43",4.13,,9,GlaxoSmithKline,"693,864.92","693,864.92",9,Boehringer Ingelheim,"357,235.17","357,235.17",,,,,,,,,,,,,,,,,,,,,,,,,,,,,,,,,,,,,,,,,,,,,,,,,,,,,,,,,,,,,,,,,,,,,,,,,,
,,Hetero Drugs Ltd.,-,,Bristol-Myers Squibb,1956.45,-,Dafra Pharma International,0,3.54132E-06,,Akorn Inc.,8.96,-,,10,Bristol-Myers Squibb,"531,571.10","528,347.58",10,Bayer Healthcare,"119,450.84","119,450.84",,,,,,,,,,,,,,,,,,,,,,,,,,,,,,,,,,,,,,,,,,,,,,,,,,,,,,,,,,,,,,,,,,,,,,,,,,
,,"Jacobus Pharmaceutical Co., Inc.","10,476.03",,Cipla Ltd.,906096.3,"411,470.33",Durbin Plc.,8441230.455,,,Aspen Pharmacare Ltd.,"59,724.64","458,363.21",,11,"Gilead Sciences, Inc.","309,222.85","309,222.85",11,Abbot Laboratories,"83,224.99","83,224.99",,,,,,,,,,,,,,,,,,,,,,,,,,,,,,,,,,,,,,,,,,,,,,,,,,,,,,,,,,,,,,,,,,,,,,,,,,
,,Labatec-Pharma S.A.,-,,Emcure Pharmaceuticals Ltd.,33873.48,-,FAMAR Health Care Services,,0,,AstraZeneca Inc.,"4,920.70",-,,12,Bayer Healthcare,"174,625.55","172,281.17",12,Daiichi Sankyo,"75,523.61","75,523.61",,,,,,,,,,,,,,,,,,,,,,,,,,,,,,,,,,,,,,,,,,,,,,,,,,,,,,,,,,,,,,,,,,,,,,,,,,
,,Laboratoires Panpharma S.A.,85.51,,F. Hoffmann-La Roche Ltd.,55.42,,"Gilead Sciences, Inc.",,0,,Aurobindo Pharma Ltd.,"286,901.33","288,256.87",,13,Abbot Laboratories,"40,612.35","40,612.35",13,Chongqing Holley Pharmaceutical Co. Ltd and Sigma Tau Industrie Farmaceutiche,"20,715.41","20,715.41",,,,,,,,,,,,,,,,,,,,,,,,,,,,,,,,,,,,,,,,,,,,,,,,,,,,,,,,,,,,,,,,,,,,,,,,,,
,,Laboratorio Reig Jofre S.A.,24.42,-,"Gilead Sciences, Inc.",9939.58,"83,224.99",Gland Pharma Ltd.,0,379185.2471,,Bayer Group,-,-,,14,Daiichi Sankyo,"14,313.49","9,624.73",14,Bristol-Myers Squibb,"17,266.13","17,266.13",,,,,,,,,,,,,,,,,,,,,,,,,,,,,,,,,,,,,,,,,,,,,,,,,,,,,,,,,,,,,,,,,,,,,,,,,,
,,Lupin Ltd,"114,024,093.33","84,866.62",GlaxoSmithKline Ltd.,8332.58,-,GlaxoSmithKline Ltd.,,0,,Boehringer Ingelheim,234.65,-,,15,Eli Lilly and Company,"6,441.58","3,218.06",15,Eli Lilly and Company,"6,355.19","6,355.19",,,,,,,,,,,,,,,,,,,,,,,,,,,,,,,,,,,,,,,,,,,,,,,,,,,,,,,,,,,,,,,,,,,,,,,,,,
,,Macleods Pharmaceuticals Ltd.,"45,138,448.49","10,375,856.02",Hetero Drugs Ltd.,1238942.47,"733,547.65","Guilin Pharmaceutical Co.,Ltd.",11003816.21,115318.4516,,Bristol-Myers Squibb,"19,241.96",-,,16,"Kyorin Pharmaceutical Co., Ltd.","4,684.79","2,340.40",16,"Kyorin Pharmaceutical Co., Ltd.","4,621.96","4,621.96",,,,,,,,,,,,,,,,,,,,,,,,,,,,,,,,,,,,,,,,,,,,,,,,,,,,,,,,,,,,,,,,,,,,,,,,,,
,,Medochemie Ltd.,"6,368.97",,Janssen-Cilag S.p.A.,0,,Hetero Drugs Ltd.,,0,,Cadila Pharmaceuticals Ltd.,"16,303,838.59",-,,17,Johnson and Johnson,425.16,425.16,17,"Guilin Pharmaceutical Co., Ltd",0,-,,,,,,,,,,,,,,,,,,,,,,,,,,,,,,,,,,,,,,,,,,,,,,,,,,,,,,,,,,,,,,,,,,,,,,,,,,
,,Meiji Seika Kaisha Ltd.,"13,650.19",,Macleods Pharmaceuticals Ltd.,32669.7,"78,825.91","Holley-Cotec Pharmaceuticals Co., Ltd.",0,,,Cipla Ltd.,"24,265,886.93","799,815.93",,18,"Guilin Pharmaceutical Co., Ltd",0,-,,,,,,,,,,,,,,,,,,,,,,,,,,,,,,,,,,,,,,,,,,,,,,,,,,,,,,,,,,,,,,,,,,,,,,,,,,,,,,
,,Micro Labs Ltd.,"125,410.07",,Matrix Laboratories Ltd.,603190.07,"141,065.68",Imres Medical Solutions B.V.,,25142.90348,,Cipla Quality Chemical Industries Ltd.,-,0.73,,,,,,,,,,,,,,,,,,,,,,,,,,,,,,,,,,,,,,,,,,,,,,,,,,,,,,,,,,,,,,,,,,,,,,,,,,,,,,,,,,,
,,Novartis Pharma AG,-,,"Merck, Sharp & Dohme Ltd.",14225.1,123.63,Intas Pharmaceuticals Ltd.,0,14743.13685,,Dafra Pharma International,-,0,,,,,,,,,,,,,,,,,,,,,,,,,,,,,,,,,,,,,,,,,,,,,,,,,,,,,,,,,,,,,,,,,,,,,,,,,,,,,,,,,,,
,,Olainfarm SJC,-,,Micro Labs Ltd.,91.23,"4,052.57",IPCA Laboratories Ltd.,995654.712,12262.61421,,"Dong-A Pharmaceutical Co., Ltd.",-,-,,,,,,,,,,,,,,,,,,,,,,,,,,,,,,,,,,,,,,,,,,,,,,,,,,,,,,,,,,,,,,,,,,,,,,,,,,,,,,,,,,,
,,Remedica Ltd.,-,,Mylan Laboratories Ltd.,8765.47,"1,631,030.43",Laboratoire Renaudin,0,481296.4737,,Durbin Plc.,"8,441,230.46",-,,,,,,,,,,,,,,,,,,,,,,,,,,,,,,,,,,,,,,,,,,,,,,,,,,,,,,,,,,,,,,,,,,,,,,,,,,,,,,,,,,,
,,Strides Arcolab Ltd.,"14,022,290.92",,Ranbaxy Laboratories Ltd.,485288.13,"242,698.48",Lomapharm - Rudolph Lohmann GmbH KG,0,,,Emcure Pharmaceuticals Ltd.,"33,873.48",-,,,,,,,,,,,,,,,,,,,,,,,,,,,,,,,,,,,,,,,,,,,,,,,,,,,,,,,,,,,,,,,,,,,,,,,,,,,,,,,,,,,
,,Svizera Europe B.V.,"65,107,379.13","27,281,627.37",Sonke Pharmaceuticals (Pty) Ltd.,8249.8,,Macleods Pharmaceuticals Ltd.,0,920726.3934,,F. Hoffmann-La Roche Ltd.,55.42,-,,,,,,,,,,,,,,,,,,,,,,,,,,,,,,,,,,,,,,,,,,,,,,,,,,,,,,,,,,,,,,,,,,,,,,,,,,,,,,,,,,,
,,Vianex S.A.,-,,Strides Arcolab Ltd.,90890.42,"81,988.05",Maneesh Pharmaceuticals Pvt. Ltd.,664294.5884,,,FAMAR Health Care Services,-,-,,,,,,,,,,,,,,,,,,,,,,,,,,,,,,,,,,,,,,,,,,,,,,,,,,,,,,,,,,,,,,,,,,,,,,,,,,,,,,,,,,,
,,Victoria Pharmacy,-,,Sun Pharmaceutical Industries Ltd.,67275.58,,Maphar Laboratories S.A,,609.3456139,,Fatol Arzneimittel GmbH,"30,200.23",-,,,,,,,,,,,,,,,,,,,,,,,,,,,,,,,,,,,,,,,,,,,,,,,,,,,,,,,,,,,,,,,,,,,,,,,,,,,,,,,,,,,
,,,,,ViiV Healthcare,296.73,"2,096.24",Medical Export Group BV,75.97947994,,,Fisiopharma S.r.l.,-,-,,,,,,,,,,,,,,,,,,,,,,,,,,,,,,,,,,,,,,,,,,,,,,,,,,,,,,,,,,,,,,,,,,,,,,,,,,,,,,,,,,,
,,,,,"Zhejiang Huahai Pharmaceuticals Co., Ltd.",29.2,,Medochemie Ltd.,7023.515117,,,"Gilead Sciences, Inc.","9,939.58","83,224.99",,,,,,,,,,,,,,,,,,,,,,,,,,,,,,,,,,,,,,,,,,,,,,,,,,,,,,,,,,,,,,,,,,,,,,,,,,,,,,,,,,,
,,,,,,,,Medopharm Remedies & Pharmaceuticals,318861.4024,3943460.302,,Gland Pharma Ltd.,-,"379,185.25",,,,,,,,,,,,,,,,,,,,,,,,,,,,,,,,,,,,,,,,,,,,,,,,,,,,,,,,,,,,,,,,,,,,,,,,,,,,,,,,,,,
,,,,,,,,Mepha Ltd,8027.684071,0.665950519,,GlaxoSmithKline Ltd.,"8,332.58",-,,,,,,,,,,,,,,,,,,,,,,,,,,,,,,,,,,,,,,,,,,,,,,,,,,,,,,,,,,,,,,,,,,,,,,,,,,,,,,,,,,,
,,,,,,,,Micro Labs Ltd.,6110.553134,513662.5828,,"Guilin Pharmaceutical Co.,Ltd.","11,003,816.21","115,318.45",,,,,,,,,,,,,,,,,,,,,,,,,,,,,,,,,,,,,,,,,,,,,,,,,,,,,,,,,,,,,,,,,,,,,,,,,,,,,,,,,,,
,,,,,,,,Mylan Laboratories Ltd.,,0,,Hetero Drugs Ltd.,"1,238,942.47","733,547.65",,,,,,,,,,,,,,,,,,,,,,,,,,,,,,,,,,,,,,,,,,,,,,,,,,,,,,,,,,,,,,,,,,,,,,,,,,,,,,,,,,,
,,,,,,,,Natco Pharma Ltd.,,0,,"Holley-Cotec Pharmaceuticals Co., Ltd.",-,-,,,,,,,,,,,,,,,,,,,,,,,,,,,,,,,,,,,,,,,,,,,,,,,,,,,,,,,,,,,,,,,,,,,,,,,,,,,,,,,,,,,
,,,,,,,,Naxpar Lab Pvt Ltd.,0,,,Imres Medical Solutions B.V.,-,"25,142.90",,,,,,,,,,,,,,,,,,,,,,,,,,,,,,,,,,,,,,,,,,,,,,,,,,,,,,,,,,,,,,,,,,,,,,,,,,,,,,,,,,,
,,,,,,,,Novartis Pharma AG,18766269.62,1.42556479,,Intas Pharmaceuticals Ltd.,-,"14,743.14",,,,,,,,,,,,,,,,,,,,,,,,,,,,,,,,,,,,,,,,,,,,,,,,,,,,,,,,,,,,,,,,,,,,,,,,,,,,,,,,,,,
,,,,,,,,Pharma Danica,,1913348.645,,IPCA Laboratories Ltd.,"995,654.71","12,262.61",,,,,,,,,,,,,,,,,,,,,,,,,,,,,,,,,,,,,,,,,,,,,,,,,,,,,,,,,,,,,,,,,,,,,,,,,,,,,,,,,,,
,,,,,,,,Purna Pharmaceuticals N.V.,0,418.4369656,,"Jacobus Pharmaceutical Co., Inc.","10,476.03",-,,,,,,,,,,,,,,,,,,,,,,,,,,,,,,,,,,,,,,,,,,,,,,,,,,,,,,,,,,,,,,,,,,,,,,,,,,,,,,,,,,,
,,,,,,,,Remedica Ltd.,84037.64834,3041498.679,,Janssen-Cilag S.p.A.,-,-,,,,,,,,,,,,,,,,,,,,,,,,,,,,,,,,,,,,,,,,,,,,,,,,,,,,,,,,,,,,,,,,,,,,,,,,,,,,,,,,,,,
,,,,,,,,Rotexmedica Gmbh,0,,,Labatec-Pharma S.A.,-,-,,,,,,,,,,,,,,,,,,,,,,,,,,,,,,,,,,,,,,,,,,,,,,,,,,,,,,,,,,,,,,,,,,,,,,,,,,,,,,,,,,,
,,,,,,,,Sanofi Aventis S.A.,0,233469.0919,,Laboratoire Renaudin,-,"481,296.47",,,,,,,,,,,,,,,,,,,,,,,,,,,,,,,,,,,,,,,,,,,,,,,,,,,,,,,,,,,,,,,,,,,,,,,,,,,,,,,,,,,
,,,,,,,,Sigma Tau Pharmaceuticals Inc.,,0,,Laboratoires Panpharma S.A.,85.51,-,,,,,,,,,,,,,,,,,,,,,,,,,,,,,,,,,,,,,,,,,,,,,,,,,,,,,,,,,,,,,,,,,,,,,,,,,,,,,,,,,,,
,,,,,,,,Strides Arcolab Ltd.,,2.9864646,,Laboratorio Reig Jofre S.A.,24.42,-,,,,,,,Johnson and Johnson,"54,833.55",,,,,,,,,,,,,,,,,,,,,,,,,,,,,,,,,,,,,,,,,,,,,,,,,,,,,,,,,,,,,,,,,,,,,,,,,,,
,,,,,,,,,,,,Lomapharm - Rudolph Lohmann GmbH KG,-,-,,,,,,,Artepharm,14.39,,,,,,,,,,,,,,,,,,,,,,,,,,,,,,,,,,,,,,,,,,,,,,,,,,,,,,,,,,,,,,,,,,,,,,,,,,,
,,,,,,,,,,,,Lupin Ltd,"114,024,093.33","84,866.62",,,,,,,,,,,,,,,,,,,,,,,,,,,,,,,,,,,,,,,,,,,,,,,,,,,,,,,,,,,,,,,,,,,,,,,,,,,,,,,,,,,
,,,,,,,,,,,,Macleods Pharmaceuticals Ltd.,"45,171,118.19","11,375,408.32",,,,,,,,,,,,,,,,,,,,,,,,,,,,,,,,,,,,,,,,,,,,,,,,,,,,,,,,,,,,,,,,,,,,,,,,,,,,,,,,,,,
,,,,,,,,,,,,Maneesh Pharmaceuticals Pvt. Ltd.,"664,294.59",-,,,,,,,,,,,,,,,,,,,,,,,,,,,,,,,,,,,,,,,,,,,,,,,,,,,,,,,,,,,,,,,,,,,,,,,,,,,,,,,,,,,
,,,,,,,,,,,,Maphar Laboratories S.A,-,609.35,,,,,,,,,,,,,,,,,,,,,,,,,,,,,,,,,,,,,,,,,,,,,,,,,,,,,,,,,,,,,,,,,,,,,,,,,,,,,,,,,,,
,,,,,,,,,,,,Matrix Laboratories Ltd.,"603,190.07","141,065.68",,,,,,,,,,,,,,,,,,,,,,,,,,,,,,,,,,,,,,,,,,,,,,,,,,,,,,,,,,,,,,,,,,,,,,,,,,,,,,,,,,,
,,,,,,,,,,,,Medical Export Group BV,75.98,-,,,,,,,,,,,,,,,,,,,,,,,,,,,,,,,,,,,,,,,,,,,,,,,,,,,,,,,,,,,,,,,,,,,,,,,,,,,,,,,,,,,
,,,,,,,,,,,,Medochemie Ltd.,"13,392.48",-,,,,,,,,,,,,,,,,,,,,,,,,,,,,,,,,,,,,,,,,,,,,,,,,,,,,,,,,,,,,,,,,,,,,,,,,,,,,,,,,,,,
,,,,,,,,,,,,Medopharm Remedies & Pharmaceuticals,"318,861.40","3,943,460.30",,,,,,,,,,,,,,,,,,,,,,,,,,,,,,,,,,,,,,,,,,,,,,,,,,,,,,,,,,,,,,,,,,,,,,,,,,,,,,,,,,,
,,,,,,,,,,,,Meiji Seika Kaisha Ltd.,"13,650.19",-,,,,,,,,,,,,,,,,,,,,,,,,,,,,,,,,,,,,,,,,,,,,,,,,,,,,,,,,,,,,,,,,,,,,,,,,,,,,,,,,,,,
,,,,,,,,,,,,Mepha Ltd,"8,027.68",0.67,,,,,,,,,,,,,,,,,,,,,,,,,,,,,,,,,,,,,,,,,,,,,,,,,,,,,,,,,,,,,,,,,,,,,,,,,,,,,,,,,,,
,,,,,,,,,,,,"Merck, Sharp & Dohme Ltd.","14,225.10",123.63,,,,,,,,,,,,,,,,,,,,,,,,,,,,,,,,,,,,,,,,,,,,,,,,,,,,,,,,,,,,,,,,,,,,,,,,,,,,,,,,,,,
,,,,,,,,,,,,Micro Labs Ltd.,"131,611.85","517,715.15",,,,,,,,,,,,,,,,,,,,,,,,,,,,,,,,,,,,,,,,,,,,,,,,,,,,,,,,,,,,,,,,,,,,,,,,,,,,,,,,,,,
,,,,,,,,,,,,Mylan Laboratories Ltd.,"8,765.47","1,631,030.43",,,,,,,,,,,,,,,,,,,,,,,,,,,,,,,,,,,,,,,,,,,,,,,,,,,,,,,,,,,,,,,,,,,,,,,,,,,,,,,,,,,
,,,,,,,,,,,,Natco Pharma Ltd.,-,-,,,,,,,,,,,,,,,,,,,,,,,,,,,,,,,,,,,,,,,,,,,,,,,,,,,,,,,,,,,,,,,,,,,,,,,,,,,,,,,,,,,
,,,,,,,,,,,,Naxpar Lab Pvt Ltd.,-,-,,,,,,,,,,,,,,,,,,,,,,,,,,,,,,,,,,,,,,,,,,,,,,,,,,,,,,,,,,,,,,,,,,,,,,,,,,,,,,,,,,,
,,,,,,,,,,,,Novartis Pharma AG,"18,766,269.62",1.43,,,,,,,,,,,,,,,,,,,,,,,,,,,,,,,,,,,,,,,,,,,,,,,,,,,,,,,,,,,,,,,,,,,,,,,,,,,,,,,,,,,
,,,,,,,,,,,,Olainfarm SJC,-,-,,,,,,,,,,,,,,,,,,,,,,,,,,,,,,,,,,,,,,,,,,,,,,,,,,,,,,,,,,,,,,,,,,,,,,,,,,,,,,,,,,,
,,,,,,,,,,,,Pharma Danica,-,"1,913,348.65",,,,,,,,,,,,,,,,,,,,,,,,,,,,,,,,,,,,,,,,,,,,,,,,,,,,,,,,,,,,,,,,,,,,,,,,,,,,,,,,,,,
,,,,,,,,,,,,Purna Pharmaceuticals N.V.,-,418.44,,,,,,,,,,,,,,,,,,,,,,,,,,,,,,,,,,,,,,,,,,,,,,,,,,,,,,,,,,,,,,,,,,,,,,,,,,,,,,,,,,,
,,,,,,,,,,,,Ranbaxy Laboratories Ltd.,"485,288.13","242,698.48",,,,,,,,,,,,,,,,,,,,,,,,,,,,,,,,,,,,,,,,,,,,,,,,,,,,,,,,,,,,,,,,,,,,,,,,,,,,,,,,,,,
,,,,,,,,,,,,Remedica Ltd.,"84,037.65","3,041,498.68",,,,,,,,,,,,,,,,,,,,,,,,,,,,,,,,,,,,,,,,,,,,,,,,,,,,,,,,,,,,,,,,,,,,,,,,,,,,,,,,,,,
,,,,,,,,,,,,Rotexmedica Gmbh,-,-,,,,,,,,,,,,,,,,,,,,,,,,,,,,,,,,,,,,,,,,,,,,,,,,,,,,,,,,,,,,,,,,,,,,,,,,,,,,,,,,,,,
,,,,,,,,,,,,Sanofi Aventis S.A.,-,"233,469.09",,,,,,,,,,,,,,,,,,,,,,,,,,,,,,,,,,,,,,,,,,,,,,,,,,,,,,,,,,,,,,,,,,,,,,,,,,,,,,,,,,,
,,,,,,,,,,,,Sigma Tau Pharmaceuticals Inc.,-,-,,,,,,,,,,,,,,,,,,,,,,,,,,,,,,,,,,,,,,,,,,,,,,,,,,,,,,,,,,,,,,,,,,,,,,,,,,,,,,,,,,,
,,,,,,,,,,,,Sonke Pharmaceuticals (Pty) Ltd.,"8,249.80",-,,,,,,,,,,,,,,,,,,,,,,,,,,,,,,,,,,,,,,,,,,,,,,,,,,,,,,,,,,,,,,,,,,,,,,,,,,,,,,,,,,,
,,,,,,,,,,,,Strides Arcolab Ltd.,"14,113,181.34","81,991.04",,,,,,,,,,,,,,,,,,,,,,,,,,,,,,,,,,,,,,,,,,,,,,,,,,,,,,,,,,,,,,,,,,,,,,,,,,,,,,,,,,,
,,,,,,,,,,,,Sun Pharmaceutical Industries Ltd.,"67,275.58",-,,,,,,,,,,,,,,,,,,,,,,,,,,,,,,,,,,,,,,,,,,,,,,,,,,,,,,,,,,,,,,,,,,,,,,,,,,,,,,,,,,,
,,,,,,,,,,,,Svizera Europe B.V.,"65,107,379.13","27,281,627.37",,,,,,,,,,,,,,,,,,,,,,,,,,,,,,,,,,,,,,,,,,,,,,,,,,,,,,,,,,,,,,,,,,,,,,,,,,,,,,,,,,,
,,,,,,,,,,,,Vianex S.A.,-,-,,,,,,,,,,,,,,,,,,,,,,,,,,,,,,,,,,,,,,,,,,,,,,,,,,,,,,,,,,,,,,,,,,,,,,,,,,,,,,,,,,,
,,,,,,,,,,,,Victoria Pharmacy,-,-,,,,,,,,,,,,,,,,,,,,,,,,,,,,,,,,,,,,,,,,,,,,,,,,,,,,,,,,,,,,,,,,,,,,,,,,,,,,,,,,,,,
,,,,,,,,,,,,ViiV Healthcare,296.73,"2,096.24",,,,,,,,,,,,,,,,,,,,,,,,,,,,,,,,,,,,,,,,,,,,,,,,,,,,,,,,,,,,,,,,,,,,,,,,,,,,,,,,,,,
,,,,,,,,,,,,"Zhejiang Huahai Pharmaceuticals Co., Ltd.",29.2,-,,,,,,,,,,,,,,,,,,,,,,,,,,,,,,,,,,,,,,,,,,,,,,,,,,,,,,,,,,,,,,,,,,,,,,,,,,,,,,,,,,,
,,,,,,,,,,,,,,,,,,,,,,,,,,,,,,,,,,,,,,,,,,,,,,,,,,,,,,,,,,,,,,,,,,,,,,,,,,,,,,,,,,,,,,,,,,,,,,,,,
,,,,,,,,,,,,,,,,,,,,,,,,,,,,,,,,,,,,,,,,,,,,,,,,,,,,,,,,,,,,,,,,,,,,,,,,,,,,,,,,,,,,,,,,,,,,,,,,,
,,,,,,,,,,,,,,,,,,,,,,,,,,,,,,,,,,,,,,,,,,,,,,,,,,,,,,,,,,,,,,,,,,,,,,,,,,,,,,,,,,,,,,,,,,,,,,,,,
,,,,,,,,,,,,,,,,,,,,,,,,,,,,,,,,,,,,,,,,,,,,,,,,,,,,,,,,,,,,,,,,,,,,,,,,,,,,,,,,,,,,,,,,,,,,,,,,,
We use this for website,Drug Efficacy,Drug Efficacy,Treatment Percentage,,Treatment Percentage,,We use this for website,Overall Efficacy,,Overall Treatment Coverage,,Overall Need,,,,,,,,,,,,,,,,,,,,,,,,,,,,,,,,,,,,,,,,,,,,,,,,,,,,,,,,,,,,,,,,,,,,,,,,,,,,,,,,,,,,,
,2010,2015,2010,,2015,,,"2,010.00","2,015.00","2,010.00","2,015.00",2010,2015,,,,,,,,,,,,,,,,,,,,,,,,,,,,,,,,,,,,,,,,,,,,,,,,,,,,,,,,,,,,,,,,,,,,,,,,,,,,,,,,,,,,
,,,,,,,TB,77.33%,76.93%,62.21%,59.65%,"103,042,964.47",0,,,,,,,,,,,,,,,,,,,,,,,,,,,,,,,,,,,,,,,,,,,,,,,,,,,,,,,,,,,,,,,,,,,,,,,,,,,,,,,,,,,,
,,,,,,,Malaria,3349.94%,97.38%,0.07%,0.26%,"133,252,401.95",0,,,,,,,,,,,,,,,,,,,,,,,,,,,,,,,,,,,,,,,,,,,,,,,,,,,,,,,,,,,,,,,,,,,,,,,,,,,,,,,,,,,,
Drug Susceptible Tb / HIV+,,,,,,,HIV,,,48.06%,46.09%,"3,903,950.89",,,,,,,,,,,,,,,,,,,,,,,,,,,,,,,,,,,,,,,,,,,,,,,,,,,,,,,,,,,,,,,,,,,,,,,,,,,,,,,,,,,,,
"isoniazid (INH or H), rifampin (R or RMP), ethambutol (E or EMB), and pyrazinamide (Z or PZA).",72.00%,78.00%,65.90%,,59.00%,,Hookworm,64.49%,65.40%,,,"27,888.46",,,,,,,,,,,,,,,,,,,,,,,,,,,,,,,,,,,,,,,,,,,,,,,,,,,,,,,,,,,,,,,,,,,,,,,,,,,,,,,,,,,,,
Drug Susceptible Tb / HIV-,,,,,,,Roundworm,96.52%,96.92%,,,"225,722.13",,,,,,,,,,,,,,,,,,,,,,,,,,,,,,,,,,,,,,,,,,,,,,,,,,,,,,,,,,,,,,,,,,,,,,,,,,,,,,,,,,,,,
"isoniazid (INH or H), rifampin (R or RMP), ethambutol (E or EMB), and pyrazinamide (Z or PZA).",88.00%,78.00%,65.90%,,59.00%,,Whipworm,42.39%,42.39%,,,"1,903.61",,,,,,,,,,,,,,,,,,,,,,,,,,,,,,,,,,,,,,,,,,,,,,,,,,,,,,,,,,,,,,,,,,,,,,,,,,,,,,,,,,,,,
MDR-TB,,,,,,,Onchocerciasis,,83.36%,,66.72%,0,,,,,,,,,,,,,,,,,,,,,,,,,,,,,,,,,,,,,,,,,,,,,,,,,,,,,,,,,,,,,,,,,,,,,,,,,,,,,,,,,,,,,
Z+S+Lfx+Eto+Cs+PAS,48.00%,54.00%,16.02%,,72.80%,,Schistosomiasis,71.75%,77.14%,42.35%,47.92%,"169,940.76",,,,,,,,,,,,,,,,,,,,,,,,,,,,,,,,,,,,,,,,,,,,,,,,,,,,,,,,,,,,,,,,,,,,,,,,,,,,,,,,,,,,,
S+Lfx+Eto+Cs+PAS,48.00%,54.00%,16.02%,,72.80%,,LF,43.28%,44.86%,38.88%,57.09%,"4,678.28",,,,,,,,,,,,,,,,,,,,,,,,,,,,,,,,,,,,,,,,,,,,,,,,,,,,,,,,,,,,,,,,,,,,,,,,,,,,,,,,,,,,,
Km+Lfx+Eto+Cs+PAS,48.00%,54.00%,16.02%,,72.80%,,,,,,,,,,,,,,,,,,,,,,,,,,,,,,,,,,,,,,,,,,,,,,,,,,,,,,,,,,,,,,,,,,,,,,,,,,,,,,,,,,,,,,,,,,,,
XDR-TB,,,,,,,,,,,,,,,,,,,,,,,,,,,,,,,,,,,,,,,,,,,,,,,,,,,,,,,,,,,,,,,,,,,,,,,,,,,,,,,,,,,,,,,,,,,,,,,,,
Cs+ Km(or)Amk(or)Cm+Lfx(or)Mfx(or)Gfx(or)Ofx,20.00%,30.00%,38.00%,,95.40%,,,,,,,,,,,,,,,,,,,,,,,,,,,,,,,,,,,,,,,,,,,,,,,,,,,,,,,,,,,,,,,,,,,,,,,,,,,,,,,,,,,,,,,,,,,,
p falc Malaria,,,,,,,,,,,,,,,,,,,,,,,,,,,,,,,,,,,,,,,,,,,,,,,,,,,,,,,,,,,,,,,,,,,,,,,,,,,,,,,,,,,,,,,,,,,,,,,,,
artemether-lumefantrine (AL),98.04%,98.18%,0.06%,,0.26%,,,,,,,,,,,,,,,,,,,,,,,,,,,,,,,,,,,,,,,,,,,,,,,,,,,,,,,,,,,,,,,,,,,,,,,,,,,,,,,,,,,,,,,,,,,,
artesunate + sulfadoxine-pyrimethamine (AS+SP),94.49%,94.33%,0.06%,,0.26%,,,,,,,,,,,,,,,,,,,,,,,,,,,,,,,,,,,,,,,,,,,,,,,,,,,,,,,,,,,,,,,,,,,,,,,,,,,,,,,,,,,,,,,,,,,,
dihydroarteminisin-piperaquine (DHA-PPQ),97.58%,97.14%,0.06%,,0.26%,,,,,,,,,,,,,,,,,,,,,,,,,,,,,,,,,,,,,,,,,,,,,,,,,,,,,,,,,,,,,,,,,,,,,,,,,,,,,,,,,,,,,,,,,,,,
artesunate + mefloquine (AS+MQ),98.47%,98.47%,0.06%,,0.26%,,,,,,,,,,,,,,,,,,,,,,,,,,,,,,,,,,,,,,,,,,,,,,,,,,,,,,,,,,,,,,,,,,,,,,,,,,,,,,,,,,,,,,,,,,,,
artesunate + amodiaquine (AS+AQ),94.90%,96.30%,0.06%,,0.26%,,,,,,,,,,,,,,,,,,,,,,,,,,,,,,,,,,,,,,,,,,,,,,,,,,,,,,,,,,,,,,,,,,,,,,,,,,,,,,,,,,,,,,,,,,,,
Chloroquine-primaquine (CQ+PQ),0,99.33%,0.06%,,0.26%,,,,,,,,,,,,,,,,,,,,,,,,,,,,,,,,,,,,,,,,,,,,,,,,,,,,,,,,,,,,,,,,,,,,,,,,,,,,,,,,,,,,,,,,,,,,
p. vivax Malaria (list regimens),,,,,,,,,,,,,,,,,,,,,,,,,,,,,,,,,,,,,,,,,,,,,,,,,,,,,,,,,,,,,,,,,,,,,,,,,,,,,,,,,,,,,,,,,,,,,,,,,
chloroquine-primaquine (CQ + PQ),100000.36%,99.75%,0.16%,,0.42%,,,,,,,,,,,,,,,,,,,,,,,,,,,,,,,,,,,,,,,,,,,,,,,,,,,,,,,,,,,,,,,,,,,,,,,,,,,,,,,,,,,,,,,,,,,,
HIV,NO,NO,Adults,Children,Adults,Children,,,,,,,,,,,,,,,,,,,,,,,,,,,,,,,,,,,,,,,,,,,,,,,,,,,,,,,,,,,,,,,,,,,,,,,,,,,,,,,,,,,,,,,,,,,
d4T + 3TC + NVP,,,42.88%,23.91%,40.26%,55.90%,,,,,,,,,,,,,,,,,,,,,,,,,,,,,,,,,,,,,,,,,,,,,,,,,,,,,,,,,,,,,,,,,,,,,,,,,,,,,,,,,,,,,,,,,,,
d4T + 3TC + EFV,,,42.88%,23.91%,40.26%,55.90%,,,,,,,,,,,,,,,,,,,,,,,,,,,,,,,,,,,,,,,,,,,,,,,,,,,,,,,,,,,,,,,,,,,,,,,,,,,,,,,,,,,,,,,,,,,
d4T + 3TC + ABC,,,42.88%,23.91%,40.26%,55.90%,,,,,,,,,,,,,,,,,,,,,,,,,,,,,,,,,,,,,,,,,,,,,,,,,,,,,,,,,,,,,,,,,,,,,,,,,,,,,,,,,,,,,,,,,,,
d4T + 3TC + LPV/r,,,42.88%,23.91%,40.26%,55.90%,,,,,,,,,,,,,,,,,,,,,,,,,,,,,,,,,,,,,,,,,,,,,,,,,,,,,,,,,,,,,,,,,,,,,,,,,,,,,,,,,,,,,,,,,,,
AZT + 3TC + NVP,,,42.88%,23.91%,40.26%,55.90%,,,,,,,,,,,,,,,,,,,,,,,,,,,,,,,,,,,,,,,,,,,,,,,,,,,,,,,,,,,,,,,,,,,,,,,,,,,,,,,,,,,,,,,,,,,
AZT + 3TC + EFV,,,42.88%,23.91%,40.26%,55.90%,,,,,,,,,,,,,,,,,,,,,,,,,,,,,,,,,,,,,,,,,,,,,,,,,,,,,,,,,,,,,,,,,,,,,,,,,,,,,,,,,,,,,,,,,,,
AZT + 3TC + NFV,,,42.88%,23.91%,40.26%,55.90%,,,,,,,,,,,,,,,,,,,,,,,,,,,,,,,,,,,,,,,,,,,,,,,,,,,,,,,,,,,,,,,,,,,,,,,,,,,,,,,,,,,,,,,,,,,
AZT + 3TC + ATV/r,,,42.88%,23.91%,40.26%,55.90%,,,,,,,,,,,,,,,,,,,,,,,,,,,,,,,,,,,,,,,,,,,,,,,,,,,,,,,,,,,,,,,,,,,,,,,,,,,,,,,,,,,,,,,,,,,
AZT + 3TC + LPV/r,,,42.88%,23.91%,40.26%,55.90%,,,,,,,,,,,,,,,,,,,,,,,,,,,,,,,,,,,,,,,,,,,,,,,,,,,,,,,,,,,,,,,,,,,,,,,,,,,,,,,,,,,,,,,,,,,
AZT + 3TC + TDF + ATV/r,,,42.88%,23.91%,40.26%,55.90%,,,,,,,,,,,,,,,,,,,,,,,,,,,,,,,,,,,,,,,,,,,,,,,,,,,,,,,,,,,,,,,,,,,,,,,,,,,,,,,,,,,,,,,,,,,
AZT + 3TC + TDF + LPV/r,,,42.88%,23.91%,40.26%,55.90%,,,,,,,,,,,,,,,,,,,,,,,,,,,,,,,,,,,,,,,,,,,,,,,,,,,,,,,,,,,,,,,,,,,,,,,,,,,,,,,,,,,,,,,,,,,
AZT + ABC + 3TC + LPV/r,,,42.88%,23.91%,40.26%,55.90%,,,,,,,,,,,,,,,,,,,,,,,,,,,,,,,,,,,,,,,,,,,,,,,,,,,,,,,,,,,,,,,,,,,,,,,,,,,,,,,,,,,,,,,,,,,
AZT + ddl + LPV/r,,,42.88%,23.91%,40.26%,55.90%,,,,,,,,,,,,,,,,,,,,,,,,,,,,,,,,,,,,,,,,,,,,,,,,,,,,,,,,,,,,,,,,,,,,,,,,,,,,,,,,,,,,,,,,,,,
AZT + ddl + EFV,,,42.88%,23.91%,40.26%,55.90%,,,,,,,,,,,,,,,,,,,,,,,,,,,,,,,,,,,,,,,,,,,,,,,,,,,,,,,,,,,,,,,,,,,,,,,,,,,,,,,,,,,,,,,,,,,
AZT + TDF + LPV/r,,,42.88%,23.91%,40.26%,55.90%,,,,,,,,,,,,,,,,,,,,,,,,,,,,,,,,,,,,,,,,,,,,,,,,,,,,,,,,,,,,,,,,,,,,,,,,,,,,,,,,,,,,,,,,,,,
TDF + 3TC + EFV,,,42.88%,23.91%,40.26%,55.90%,,,,,,,,,,,,,,,,,,,,,,,,,,,,,,,,,,,,,,,,,,,,,,,,,,,,,,,,,,,,,,,,,,,,,,,,,,,,,,,,,,,,,,,,,,,
TDF + 3TC + NVP,,,42.88%,23.91%,40.26%,55.90%,,,,,,,,,,,,,,,,,,,,,,,,,,,,,,,,,,,,,,,,,,,,,,,,,,,,,,,,,,,,,,,,,,,,,,,,,,,,,,,,,,,,,,,,,,,
TDF + 3TC + ATV/r,,,42.88%,23.91%,40.26%,55.90%,,,,,,,,,,,,,,,,,,,,,,,,,,,,,,,,,,,,,,,,,,,,,,,,,,,,,,,,,,,,,,,,,,,,,,,,,,,,,,,,,,,,,,,,,,,
TDF + 3TC + LPV/r,,,42.88%,23.91%,40.26%,55.90%,,,,,,,,,,,,,,,,,,,,,,,,,,,,,,,,,,,,,,,,,,,,,,,,,,,,,,,,,,,,,,,,,,,,,,,,,,,,,,,,,,,,,,,,,,,
TDF + FTC + EFV,,,42.88%,23.91%,40.26%,55.90%,,,,,,,,,,,,,,,,,,,,,,,,,,,,,,,,,,,,,,,,,,,,,,,,,,,,,,,,,,,,,,,,,,,,,,,,,,,,,,,,,,,,,,,,,,,
TDF + FTC + NVP,,,42.88%,23.91%,40.26%,55.90%,,,,,,,,,,,,,,,,,,,,,,,,,,,,,,,,,,,,,,,,,,,,,,,,,,,,,,,,,,,,,,,,,,,,,,,,,,,,,,,,,,,,,,,,,,,
TDF + FTC + LPV/r,,,42.88%,23.91%,40.26%,55.90%,,,,,,,,,,,,,,,,,,,,,,,,,,,,,,,,,,,,,,,,,,,,,,,,,,,,,,,,,,,,,,,,,,,,,,,,,,,,,,,,,,,,,,,,,,,
ABC + 3TC + EFV,,,42.88%,23.91%,40.26%,55.90%,,,,,,,,,,,,,,,,,,,,,,,,,,,,,,,,,,,,,,,,,,,,,,,,,,,,,,,,,,,,,,,,,,,,,,,,,,,,,,,,,,,,,,,,,,,
ABC + 3TC + NVP,,,42.88%,23.91%,40.26%,55.90%,,,,,,,,,,,,,,,,,,,,,,,,,,,,,,,,,,,,,,,,,,,,,,,,,,,,,,,,,,,,,,,,,,,,,,,,,,,,,,,,,,,,,,,,,,,
ABC + 3TC + LPV/r,,,42.88%,23.91%,40.26%,55.90%,,,,,,,,,,,,,,,,,,,,,,,,,,,,,,,,,,,,,,,,,,,,,,,,,,,,,,,,,,,,,,,,,,,,,,,,,,,,,,,,,,,,,,,,,,,
ABC + ddl + LPV/r,,,42.88%,23.91%,40.26%,55.90%,,,,,,,,,,,,,,,,,,,,,,,,,,,,,,,,,,,,,,,,,,,,,,,,,,,,,,,,,,,,,,,,,,,,,,,,,,,,,,,,,,,,,,,,,,,
ABC + TDF + LPV/r,,,42.88%,23.91%,40.26%,55.90%,,,,,,,,,,,,,,,,,,,,,,,,,,,,,,,,,,,,,,,,,,,,,,,,,,,,,,,,,,,,,,,,,,,,,,,,,,,,,,,,,,,,,,,,,,,
Roundworm (list regimens),,,Pre-SAC,SAC,Pre-SAC,SAC,,,,,,,,,,,,,,,,,,,,,,,,,,,,,,,,,,,,,,,,,,,,,,,,,,,,,,,,,,,,,,,,,,,,,,,,,,,,,,,,,,,,,,,,,,,
Albendazole (Alb),92.03%,93.84%,61.26%,43.00%,71.16%,65.01%,,,,,,,,,,,,,,,,,,,,,,,,,,,,,,,,,,,,,,,,,,,,,,,,,,,,,,,,,,,,,,,,,,,,,,,,,,,,,,,,,,,,,,,,,,,
Mebendazole (Mbd),97.53%,96.90%,61.26%,43.00%,71.16%,65.01%,,,,,,,,,,,,,,,,,,,,,,,,,,,,,,,,,,,,,,,,,,,,,,,,,,,,,,,,,,,,,,,,,,,,,,,,,,,,,,,,,,,,,,,,,,,
Ivermectin + Albendazole (Ivm + Alb),100.00%,100.00%,61.26%,43.00%,71.16%,65.01%,,,,,,,,,,,,,,,,,,,,,,,,,,,,,,,,,,,,,,,,,,,,,,,,,,,,,,,,,,,,,,,,,,,,,,,,,,,,,,,,,,,,,,,,,,,
Diethylcarbamazine + Albendazole (Dec + Alb),No Data,No Data,No Data,No Data,No Data,No Data,,,,,,,,,,,,,,,,,,,,,,,,,,,,,,,,,,,,,,,,,,,,,,,,,,,,,,,,,,,,,,,,,,,,,,,,,,,,,,,,,,,,,,,,,,,
Praziquantel + Albendazole (Pzq + Alb),No Data,No Data,No Data,No Data,No Data,No Data,,,,,,,,,,,,,,,,,,,,,,,,,,,,,,,,,,,,,,,,,,,,,,,,,,,,,,,,,,,,,,,,,,,,,,,,,,,,,,,,,,,,,,,,,,,
Praziquantel + Mebendazole (Pzq + Mbd),No Data,No Data,No Data,No Data,No Data,No Data,,,,,,,,,,,,,,,,,,,,,,,,,,,,,,,,,,,,,,,,,,,,,,,,,,,,,,,,,,,,,,,,,,,,,,,,,,,,,,,,,,,,,,,,,,,
Hookworm,,,Pre-SAC,SAC,Pre-SAC,SAC,,,,,,,,,,,,,,,,,,,,,,,,,,,,,,,,,,,,,,,,,,,,,,,,,,,,,,,,,,,,,,,,,,,,,,,,,,,,,,,,,,,,,,,,,,,
Albendazole (Alb),84.72%,85.83%,61.26%,43.00%,71.16%,65.01%,,,,,,,,,,,,,,,,,,,,,,,,,,,,,,,,,,,,,,,,,,,,,,,,,,,,,,,,,,,,,,,,,,,,,,,,,,,,,,,,,,,,,,,,,,,
Mebendazole (Mbd),44.26%,44.98%,61.26%,43.00%,71.16%,65.01%,,,,,,,,,,,,,,,,,,,,,,,,,,,,,,,,,,,,,,,,,,,,,,,,,,,,,,,,,,,,,,,,,,,,,,,,,,,,,,,,,,,,,,,,,,,
Ivermectin + Albendazole (Ivm + Alb),No Data,No Data,No Data,No Data,No Data,No Data,,,,,,,,,,,,,,,,,,,,,,,,,,,,,,,,,,,,,,,,,,,,,,,,,,,,,,,,,,,,,,,,,,,,,,,,,,,,,,,,,,,,,,,,,,,
Diethylcarbamazine + Albendazole (Dec + Alb),No Data,No Data,No Data,No Data,No Data,No Data,,,,,,,,,,,,,,,,,,,,,,,,,,,,,,,,,,,,,,,,,,,,,,,,,,,,,,,,,,,,,,,,,,,,,,,,,,,,,,,,,,,,,,,,,,,
Praziquantel + Albendazole (Pzq + Alb),No Data,No Data,No Data,No Data,No Data,No Data,,,,,,,,,,,,,,,,,,,,,,,,,,,,,,,,,,,,,,,,,,,,,,,,,,,,,,,,,,,,,,,,,,,,,,,,,,,,,,,,,,,,,,,,,,,
Praziquantel + Mebendazole (Pzq + Mbd),No Data,No Data,No Data,No Data,No Data,No Data,,,,,,,,,,,,,,,,,,,,,,,,,,,,,,,,,,,,,,,,,,,,,,,,,,,,,,,,,,,,,,,,,,,,,,,,,,,,,,,,,,,,,,,,,,,
Whipworm,,,Pre-SAC,SAC,Pre-SAC,SAC,,,,,,,,,,,,,,,,,,,,,,,,,,,,,,,,,,,,,,,,,,,,,,,,,,,,,,,,,,,,,,,,,,,,,,,,,,,,,,,,,,,,,,,,,,,
Albendazole (Alb),34.01%,34.01%,60.56%,43.20%,70.58%,65.75%,,,,,,,,,,,,,,,,,,,,,,,,,,,,,,,,,,,,,,,,,,,,,,,,,,,,,,,,,,,,,,,,,,,,,,,,,,,,,,,,,,,,,,,,,,,
Mebendazole (Mbd),50.77%,50.77%,60.56%,43.20%,70.58%,65.75%,,,,,,,,,,,,,,,,,,,,,,,,,,,,,,,,,,,,,,,,,,,,,,,,,,,,,,,,,,,,,,,,,,,,,,,,,,,,,,,,,,,,,,,,,,,
Ivermectin + Albendazole (Ivm + Alb),No Data,No Data,No Data,No Data,No Data,No Data,,,,,,,,,,,,,,,,,,,,,,,,,,,,,,,,,,,,,,,,,,,,,,,,,,,,,,,,,,,,,,,,,,,,,,,,,,,,,,,,,,,,,,,,,,,
Diethylcarbamazine + Albendazole (Dec + Alb),No Data,No Data,No Data,No Data,No Data,No Data,,,,,,,,,,,,,,,,,,,,,,,,,,,,,,,,,,,,,,,,,,,,,,,,,,,,,,,,,,,,,,,,,,,,,,,,,,,,,,,,,,,,,,,,,,,
Praziquantel + Albendazole (Pzq + Alb),No Data,No Data,No Data,No Data,No Data,No Data,,,,,,,,,,,,,,,,,,,,,,,,,,,,,,,,,,,,,,,,,,,,,,,,,,,,,,,,,,,,,,,,,,,,,,,,,,,,,,,,,,,,,,,,,,,
Praziquantel + Mebendazole (Pzq + Mbd),No Data,No Data,No Data,No Data,No Data,No Data,,,,,,,,,,,,,,,,,,,,,,,,,,,,,,,,,,,,,,,,,,,,,,,,,,,,,,,,,,,,,,,,,,,,,,,,,,,,,,,,,,,,,,,,,,,
Schistosomiasis,,,,,,,,,,,,,,,,,,,,,,,,,,,,,,,,,,,,,,,,,,,,,,,,,,,,,,,,,,,,,,,,,,,,,,,,,,,,,,,,,,,,,,,,,,,,,,,,,
Ivermectin + Albendazole (Ivm + Alb),No Data,No Data,,,,,,,,,,,,,,,,,,,,,,,,,,,,,,,,,,,,,,,,,,,,,,,,,,,,,,,,,,,,,,,,,,,,,,,,,,,,,,,,,,,,,,,,,,,,,,,
Diethylcarbamazine + Albendazole (Dec + Alb),No Data,No Data,,,,,,,,,,,,,,,,,,,,,,,,,,,,,,,,,,,,,,,,,,,,,,,,,,,,,,,,,,,,,,,,,,,,,,,,,,,,,,,,,,,,,,,,,,,,,,,
Praziquantel (Pzq),0.72,77.14%,42.35%,,47.92%,,,,,,,,,,,,,,,,,,,,,,,,,,,,,,,,,,,,,,,,,,,,,,,,,,,,,,,,,,,,,,,,,,,,,,,,,,,,,,,,,,,,,,,,,,,,
Ivermectin (Ivm),No Data,No Data,,,,,,,,,,,,,,,,,,,,,,,,,,,,,,,,,,,,,,,,,,,,,,,,,,,,,,,,,,,,,,,,,,,,,,,,,,,,,,,,,,,,,,,,,,,,,,,
Diethylcarbamazine (Dec),No Data,No Data,,,,,,,,,,,,,,,,,,,,,,,,,,,,,,,,,,,,,,,,,,,,,,,,,,,,,,,,,,,,,,,,,,,,,,,,,,,,,,,,,,,,,,,,,,,,,,,
Albendazole (Alb),No Data,No Data,,,,,,,,,,,,,,,,,,,,,,,,,,,,,,,,,,,,,,,,,,,,,,,,,,,,,,,,,,,,,,,,,,,,,,,,,,,,,,,,,,,,,,,,,,,,,,,
Onchoceriasis,,,,,,,,,,,,,,,,,,,,,,,,,,,,,,,,,,,,,,,,,,,,,,,,,,,,,,,,,,,,,,,,,,,,,,,,,,,,,,,,,,,,,,,,,,,,,,,,,
Nodulectomy,,,,,,,,,,,,,,,,,,,,,,,,,,,,,,,,,,,,,,,,,,,,,,,,,,,,,,,,,,,,,,,,,,,,,,,,,,,,,,,,,,,,,,,,,,,,,,,,,
Suramin,,,,,,,,,,,,,,,,,,,,,,,,,,,,,,,,,,,,,,,,,,,,,,,,,,,,,,,,,,,,,,,,,,,,,,,,,,,,,,,,,,,,,,,,,,,,,,,,,
Ivermectin (Ivm),,83.36%,,,66.72%,,,,,,,,,,,,,,,,,,,,,,,,,,,,,,,,,,,,,,,,,,,,,,,,,,,,,,,,,,,,,,,,,,,,,,,,,,,,,,,,,,,,,,,,,,,,
Diethylcarbamazine (Dec),,,,,,,,,,,,,,,,,,,,,,,,,,,,,,,,,,,,,,,,,,,,,,,,,,,,,,,,,,,,,,,,,,,,,,,,,,,,,,,,,,,,,,,,,,,,,,,,,
LF,,,,,,,,,,,,,,,,,,,,,,,,,,,,,,,,,,,,,,,,,,,,,,,,,,,,,,,,,,,,,,,,,,,,,,,,,,,,,,,,,,,,,,,,,,,,,,,,,
Diethylcarbamazine (Dec),37.28%,37.28%,38.88%,,57.09%,,,,,,,,,,,,,,,,,,,,,,,,,,,,,,,,,,,,,,,,,,,,,,,,,,,,,,,,,,,,,,,,,,,,,,,,,,,,,,,,,,,,,,,,,,,,
Diethylcarbamazine + Albendazole (Dec + Alb),44.66%,49.41%,38.88%,,57.09%,,,,,,,,,,,,,,,,,,,,,,,,,,,,,,,,,,,,,,,,,,,,,,,,,,,,,,,,,,,,,,,,,,,,,,,,,,,,,,,,,,,,,,,,,,,,
Ivermectin + Albendazole (Ivm + Alb),47.89%,47.89%,38.88%,,57.09%,,,,,,,,,,,,,,,,,,,,,,,,,,,,,,,,,,,,,,,,,,,,,,,,,,,,,,,,,,,,,,,,,,,,,,,,,,,,,,,,,,,,,,,,,,,,
,,,,,,,,,,,,,,,,,,,,,,,,,,,,,,,,,,,,,,,,,,,,,,,,,,,,,,,,,,,,,,,,,,,,,,,,,,,,,,,,,,,,,,,,,,,,,,,,,
,,,,,,,,,,,,,,,,,,,,,,,,,,,,,,,,,,,,,,,,,,,,,,,,,,,,,,,,,,,,,,,,,,,,,,,,,,,,,,,,,,,,,,,,,,,,,,,,,
,,,,,,,,,,,,,,,,,,,,,,,,,,,,,,,,,,,,,,,,,,,,,,,,,,,,,,,,,,,,,,,,,,,,,,,,,,,,,,,,,,,,,,,,,,,,,,,,,
,,,,,,,,,,,,,,,,,,,,,,,,,,,,,,,,,,,,,,,,,,,,,,,,,,,,,,,,,,,,,,,,,,,,,,,,,,,,,,,,,,,,,,,,,,,,,,,,,
,,,,,,,,,,,,,,,,,,,,,,,,,,,,,,,,,,,,,,,,,,,,,,,,,,,,,,,,,,,,,,,,,,,,,,,,,,,,,,,,,,,,,,,,,,,,,,,,,
,,,,,,,,,,,,,,,,,,,,,,,,,,,,,,,,,,,,,,,,,,,,,,,,,,,,,,,,,,,,,,,,,,,,,,,,,,,,,,,,,,,,,,,,,,,,,,,,,
,,,,,,,,,,,,,,,,,,,,,,,,,,,,,,,,,,,,,,,,,,,,,,,,,,,,,,,,,,,,,,,,,,,,,,,,,,,,,,,,,,,,,,,,,,,,,,,,,
,,,,,,,,,,,,,,,,,,,,,,,,,,,,,,,,,,,,,,,,,,,,,,,,,,,,,,,,,,,,,,,,,,,,,,,,,,,,,,,,,,,,,,,,,,,,,,,,,
,,,,,,,,,,,,,,,,,,,,,,,,,,,,,,,,,,,,,,,,,,,,,,,,,,,,,,,,,,,,,,,,,,,,,,,,,,,,,,,,,,,,,,,,,,,,,,,,,
,,,,,,,,,,,,,,,,,,,,,,,,,,,,,,,,,,,,,,,,,,,,,,,,,,,,,,,,,,,,,,,,,,,,,,,,,,,,,,,,,,,,,,,,,,,,,,,,,
,,,,,,,,,,,,,,,,,,,,,,,,,,,,,,,,,,,,,,,,,,,,,,,,,,,,,,,,,,,,,,,,,,,,,,,,,,,,,,,,,,,,,,,,,,,,,,,,,
,,,,,,,,,,,,,,,,,,,,,,,,,,,,,,,,,,,,,,,,,,,,,,,,,,,,,,,,,,,,,,,,,,,,,,,,,,,,,,,,,,,,,,,,,,,,,,,,,
